Student ID,First Name,Middle Name,Last Name,Email-ID
1001,Aarav,Rohit,Patel,AaravPatel@surveycorps.com
1002,Ishani,Rani,Sharma,IshaniSharma@surveycorps.com
1003,Rohan,Vikas,Singh,RohanSingh@surveycorps.com
1004,Naina,Devi,Chauhan,NainaChauhan@surveycorps.com
1005,Aditya,Arjun,Desai,AdityaDesai@surveycorps.com
1006,Kavya,Manisha,Gupta,KavyaGupta@surveycorps.com
1007,Arjun,Akshay,Kumar,ArjunKumar@surveycorps.com
1008,Tanvi,Deepak,Shah,TanviShah@surveycorps.com
1009,Pranav,Ajay,Mehra,PranavMehra@surveycorps.com
